{"cameraMode":{"drawMode":0,"name":"Shaded","section":"Shading Mode"},"sceneLighting":true,"audioPlay":false,"sceneViewState":{"showFog":true,"showMaterialUpdate":false,"showSkybox":true,"showFlares":true,"showImageEffects":true,"showParticleSystems":true},"in2DMode":false,"pivot":{"x":-3.291107416152954,"y":-2.153315782546997,"z":-1.9817545413970948},"rotation":{"x":-0.253771036863327,"y":0.6428341269493103,"z":-0.23883630335330964,"w":-0.6827498078346252},"size":4.526350021362305,"orthographic":false}