{"cameraMode":{"drawMode":0,"name":"Shaded","section":"Shading Mode"},"sceneLighting":true,"audioPlay":false,"sceneViewState":{"showFog":true,"showMaterialUpdate":false,"showSkybox":true,"showFlares":true,"showImageEffects":true,"showParticleSystems":true},"in2DMode":false,"pivot":{"x":2.607459545135498,"y":-0.05664968490600586,"z":-0.5273218750953674},"rotation":{"x":-0.11408316344022751,"y":-0.012644610367715359,"z":0.0016762239392846823,"w":-0.9937469363212586},"size":5.930045127868652,"orthographic":false}