{"cameraMode":{"drawMode":0,"name":"Shaded","section":"Shading Mode"},"sceneLighting":true,"audioPlay":false,"sceneViewState":{"showFog":true,"showMaterialUpdate":false,"showSkybox":true,"showFlares":true,"showImageEffects":true,"showParticleSystems":true},"in2DMode":false,"pivot":{"x":-1.1943721771240235,"y":-0.4518667459487915,"z":-0.5074377655982971},"rotation":{"x":-0.35640645027160647,"y":-0.04832544922828674,"z":0.01849745213985443,"w":-0.9332576394081116},"size":1.7074217796325684,"orthographic":false}