{"cameraMode":{"drawMode":0,"name":"Shaded","section":"Shading Mode"},"sceneLighting":false,"audioPlay":false,"sceneViewState":{"showFog":true,"showMaterialUpdate":false,"showSkybox":false,"showFlares":true,"showImageEffects":true,"showParticleSystems":true},"in2DMode":false,"pivot":{"x":-1.6099998950958253,"y":0.8399999141693115,"z":-5.21999979019165},"rotation":{"x":-0.1555464267730713,"y":0.7715141773223877,"z":-0.2063356190919876,"w":-0.5817578434944153},"size":1.0979981422424317,"orthographic":false}